date,sector_key,label,method_priority,warnings,level,transactions,revaluation,other_volume,annual_rate,bills_level,bill_share_observed,lag_level,identity_error,exposure_base,revaluation_return
2022-03-31,all_holders_total,All sector holdings total,direct_z1,,24467.0,0.0,0.0,0.0,,,,,,,
2022-06-30,all_holders_total,All sector holdings total,direct_z1,,24431.23,183.924,-219.697,0.0,,,,24467.0,0.002999999999559577,24558.962,-0.008945695669059629
2022-09-30,all_holders_total,All sector holdings total,direct_z1,,24397.579,192.943,-226.593,0.0,,,,24431.23,-0.000999999998043677,24527.7015,-0.009238248435141792
2022-12-31,all_holders_total,All sector holdings total,direct_z1,,24353.553,188.95700000000005,-232.98200000000003,0.0,,,,24397.579,-0.0010000000016816557,24492.057500000003,-0.009512553202196263
2023-03-31,all_holders_total,All sector holdings total,direct_z1,,24289.603,172.94299999999998,-236.894,0.0,,,,24353.553,0.0009999999992942321,24440.0245,-0.009692870807064862
2023-06-30,all_holders_total,All sector holdings total,direct_z1,,24202.547,148.82200000000003,-235.879,0.0,,,,24289.603,0.0009999999994647624,24364.014,-0.009681450683783057
2023-09-30,all_holders_total,All sector holdings total,direct_z1,,24245.702,122.498,-79.34400000000001,0.0,,,,24202.547,0.0010000000024774636,24263.796,-0.003270057166652737
2023-12-31,all_holders_total,All sector holdings total,direct_z1,,24272.252,100.42200000000004,-73.87,0.0,,,,24245.702,-0.002000000000762725,24295.913,-0.0030404290631103267
2024-03-31,all_holders_total,All sector holdings total,direct_z1,,24312.354,87.99,-65.889,18.0,,,,24272.252,0.0009999999989531716,24325.247,-0.0027086672542317863
2024-06-30,all_holders_total,All sector holdings total,direct_z1,,24510.534,88.25,109.931,0.0,,,,24312.354,-0.000999999999706347,24356.479,0.004513419201519235
2024-09-30,all_holders_total,All sector holdings total,direct_z1,,24752.51,101.141,115.835,25.0,,,,24510.534,-1.2647660696529783e-12,24573.6045,0.004713797684828857
2024-12-31,all_holders_total,All sector holdings total,direct_z1,,24995.125,123.50399999999998,119.112,0.0,,,,24752.51,-0.0009999999983705266,24814.262,0.004800142756613112
2025-03-31,all_holders_total,All sector holdings total,direct_z1,,25283.504000000004,149.865,118.515,20.0,,,,24995.125,-0.0009999999955567773,25080.0575,0.004725467634992464
2025-06-30,all_holders_total,All sector holdings total,direct_z1,,25570.459,173.768,113.187,0.0,,,,25283.504000000004,-5.5280224842135794e-12,25370.388000000003,0.004461382301287627
2025-09-30,all_holders_total,All sector holdings total,direct_z1,,25867.201,189.362,107.381,0.0,,,,25570.459,-0.0009999999979868335,25665.14,0.004183924186659415
2025-12-31,all_holders_total,All sector holdings total,direct_z1,,26160.791,192.829,100.76099999999998,0.0,,,,25867.201,1.5631940186722204e-13,25963.6155,0.0038808539588794937
2022-03-31,bank_broad_private_depositories_marketable_proxy,Banks broad private-depositories marketable proxy,computed_identity|revaluation_inference,Proxy excludes nonmarketable or mixed-instrument contamination only to the extent upstream series do.,1717.0,0.0,0.0,0.0,,,,,,,
2022-06-30,bank_broad_private_depositories_marketable_proxy,Banks broad private-depositories marketable proxy,computed_identity|revaluation_inference,Proxy excludes nonmarketable or mixed-instrument contamination only to the extent upstream series do.,1724.18,17.224,-10.044000000000002,0.0,,,,1717.0,6.572520305780927e-14,1725.612,-0.00582054366798562
2022-09-30,bank_broad_private_depositories_marketable_proxy,Banks broad private-depositories marketable proxy,computed_identity|revaluation_inference,Proxy excludes nonmarketable or mixed-instrument contamination only to the extent upstream series do.,1733.094,19.147000000000006,-10.233,0.0,,,,1724.18,-1.7763568394002505e-14,1733.7535,-0.005902223124567593
2022-12-31,bank_broad_private_depositories_marketable_proxy,Banks broad private-depositories marketable proxy,computed_identity|revaluation_inference,Proxy excludes nonmarketable or mixed-instrument contamination only to the extent upstream series do.,1742.502,19.548999999999996,-10.140999999999998,0.0,,,,1733.094,-9.592326932761353e-14,1742.8685,-0.0058185686412945085
2023-03-31,bank_broad_private_depositories_marketable_proxy,Banks broad private-depositories marketable proxy,computed_identity|revaluation_inference,Proxy excludes nonmarketable or mixed-instrument contamination only to the extent upstream series do.,1750.879,18.328999999999997,-9.953,0.0,,,,1742.502,0.0009999999999550369,1751.6665,-0.0056820176671758
2023-06-30,bank_broad_private_depositories_marketable_proxy,Banks broad private-depositories marketable proxy,computed_identity|revaluation_inference,Proxy excludes nonmarketable or mixed-instrument contamination only to the extent upstream series do.,1757.098,15.789,-9.57,0.0,,,,1750.879,5.1514348342607263e-14,1758.7735,-0.005441291900293017
2023-09-30,bank_broad_private_depositories_marketable_proxy,Banks broad private-depositories marketable proxy,computed_identity|revaluation_inference,Proxy excludes nonmarketable or mixed-instrument contamination only to the extent upstream series do.,1766.6399999999999,12.547,-3.005,0.0,,,,1757.098,-8.43769498715119e-14,1763.3715,-0.0017041219051118837
2023-12-31,bank_broad_private_depositories_marketable_proxy,Banks broad private-depositories marketable proxy,computed_identity|revaluation_inference,Proxy excludes nonmarketable or mixed-instrument contamination only to the extent upstream series do.,1773.4250000000002,9.401000000000002,-2.6160000000000005,0.0,,,,1766.6399999999999,3.0819791163594346e-13,1771.3404999999998,-0.0014768476190771909
2024-03-31,bank_broad_private_depositories_marketable_proxy,Banks broad private-depositories marketable proxy,computed_identity|revaluation_inference,Proxy excludes nonmarketable or mixed-instrument contamination only to the extent upstream series do.,1778.1039999999998,7.117,-2.439,0.0,,,,1773.4250000000002,0.000999999999632628,1776.9835000000003,-0.0013725507299308067
2024-06-30,bank_broad_private_depositories_marketable_proxy,Banks broad private-depositories marketable proxy,computed_identity|revaluation_inference,Proxy excludes nonmarketable or mixed-instrument contamination only to the extent upstream series do.,1789.8020000000001,6.257,5.442,0.0,,,,1778.1039999999998,-0.0009999999996797015,1781.2324999999998,0.0030551879106180697
2024-09-30,bank_broad_private_depositories_marketable_proxy,Banks broad private-depositories marketable proxy,computed_identity|revaluation_inference,Proxy excludes nonmarketable or mixed-instrument contamination only to the extent upstream series do.,1802.059,7.03,5.227,0.0,,,,1789.8020000000001,-1.6608936448392342e-13,1793.3170000000002,0.0029147105614902437
2024-12-31,bank_broad_private_depositories_marketable_proxy,Banks broad private-depositories marketable proxy,computed_identity|revaluation_inference,Proxy excludes nonmarketable or mixed-instrument contamination only to the extent upstream series do.,1816.2030000000002,9.248999999999999,4.896000000000001,0.0,,,,1802.059,-0.000999999999766743,1806.6834999999999,0.002709937850210068
2025-03-31,bank_broad_private_depositories_marketable_proxy,Banks broad private-depositories marketable proxy,computed_identity|revaluation_inference,Proxy excludes nonmarketable or mixed-instrument contamination only to the extent upstream series do.,1833.019,12.369,4.448,0.0,,,,1816.2030000000002,-0.0010000000001966214,1822.3875000000003,0.0024407542303708733
2025-06-30,bank_broad_private_depositories_marketable_proxy,Banks broad private-depositories marketable proxy,computed_identity|revaluation_inference,Proxy excludes nonmarketable or mixed-instrument contamination only to the extent upstream series do.,1852.757,15.626,4.113,0.0,,,,1833.019,-0.0009999999999434905,1840.832,0.0022343157876438483
2025-09-30,bank_broad_private_depositories_marketable_proxy,Banks broad private-depositories marketable proxy,computed_identity|revaluation_inference,Proxy excludes nonmarketable or mixed-instrument contamination only to the extent upstream series do.,1874.867,18.223000000000003,3.8870000000000005,0.0,,,,1852.757,-1.0302869668521453e-13,1861.8685,0.0020876877180101604
2025-12-31,bank_broad_private_depositories_marketable_proxy,Banks broad private-depositories marketable proxy,computed_identity|revaluation_inference,Proxy excludes nonmarketable or mixed-instrument contamination only to the extent upstream series do.,1898.321,19.523999999999997,3.93,0.0,,,,1874.867,-4.6629367034256575e-14,1884.629,0.002085291057285015
2022-03-31,bank_foreign_banking_offices_us,Foreign banking offices in the U.S.,direct_z1|revaluation_inference_weak,,125.0,0.0,0.0,0.0,,,,,,,
2022-06-30,bank_foreign_banking_offices_us,Foreign banking offices in the U.S.,direct_z1|revaluation_inference_weak,,126.174,1.759,-0.585,0.0,,,,125.0,6.661338147750939e-15,125.8795,-0.004647301586040618
2022-09-30,bank_foreign_banking_offices_us,Foreign banking offices in the U.S.,direct_z1|revaluation_inference_weak,,127.381,1.795,-0.588,0.0,,,,126.174,-6.328271240363392e-15,127.0715,-0.004627316117304037
2022-12-31,bank_foreign_banking_offices_us,Foreign banking offices in the U.S.,direct_z1|revaluation_inference_weak,,128.465,1.685,-0.601,0.0,,,,127.381,3.1086244689504383e-15,128.2235,-0.004687128334509664
2023-03-31,bank_foreign_banking_offices_us,Foreign banking offices in the U.S.,direct_z1|revaluation_inference_weak,,129.293,1.456,-0.629,0.0,,,,128.465,0.0010000000000029985,129.193,-0.00486868483586572
2023-06-30,bank_foreign_banking_offices_us,Foreign banking offices in the U.S.,direct_z1|revaluation_inference_weak,,129.797,1.165,-0.661,0.0,,,,129.293,-9.325873406851315e-15,129.87550000000002,-0.005089489549607124
2023-09-30,bank_foreign_banking_offices_us,Foreign banking offices in the U.S.,direct_z1|revaluation_inference_weak,,130.389,0.882,-0.29,0.0,,,,129.797,1.2934098236883074e-14,130.238,-0.002226692670341989
2023-12-31,bank_foreign_banking_offices_us,Foreign banking offices in the U.S.,direct_z1|revaluation_inference_weak,,130.757,0.677,-0.31,0.0,,,,130.389,0.0009999999999949494,130.72750000000002,-0.0023713449733223685
2024-03-31,bank_foreign_banking_offices_us,Foreign banking offices in the U.S.,direct_z1|revaluation_inference_weak,,131.039,0.6,-0.318,0.0,,,,130.757,-1.7708057242771247e-14,131.05700000000002,-0.0024264251432582766
2024-06-30,bank_foreign_banking_offices_us,Foreign banking offices in the U.S.,direct_z1|revaluation_inference_weak,,131.987,0.67,0.278,0.0,,,,131.039,7.438494264988549e-15,131.374,0.0021160960311781634
2024-09-30,bank_foreign_banking_offices_us,Foreign banking offices in the U.S.,direct_z1|revaluation_inference_weak,,133.158,0.87,0.302,0.0,,,,131.987,-0.001000000000007717,132.422,0.0022805878177342134
2024-12-31,bank_foreign_banking_offices_us,Foreign banking offices in the U.S.,direct_z1|revaluation_inference_weak,,134.639,1.15,0.331,0.0,,,,133.158,2.3037127760971998e-14,133.73299999999998,0.0024750809448677593
2025-03-31,bank_foreign_banking_offices_us,Foreign banking offices in the U.S.,direct_z1|revaluation_inference_weak,,136.446,1.443,0.364,0.0,,,,134.639,-1.2101430968414206e-14,135.3605,0.002689115362310275
2025-06-30,bank_foreign_banking_offices_us,Foreign banking offices in the U.S.,direct_z1|revaluation_inference_weak,,138.515,1.676,0.393,0.0,,,,136.446,-1.1546319456101628e-14,137.284,0.002862678826374523
2025-09-30,bank_foreign_banking_offices_us,Foreign banking offices in the U.S.,direct_z1|revaluation_inference_weak,,140.719,1.793,0.411,0.0,,,,138.515,7.827072323607354e-15,139.4115,0.0029481068634940447
2025-12-31,bank_foreign_banking_offices_us,Foreign banking offices in the U.S.,direct_z1|revaluation_inference_weak,,142.899,1.764,0.415,0.0,,,,140.719,0.0010000000000068288,141.601,0.002930770262921872
2022-03-31,bank_reserve_access_core,Banks reserve-access core,computed_identity|revaluation_inference,Definition excludes banks in U.S.-affiliated areas and credit unions.,1625.0,0.0,0.0,0.0,,,,,,,
2022-06-30,bank_reserve_access_core,Banks reserve-access core,computed_identity|revaluation_inference,Definition excludes banks in U.S.-affiliated areas and credit unions.,1631.562,16.147,-9.585,0.0,,,,1625.0,-9.947598300641403e-14,1633.0735,-0.005869301044931536
2022-09-30,bank_reserve_access_core,Banks reserve-access core,computed_identity|revaluation_inference,Definition excludes banks in U.S.-affiliated areas and credit unions.,1639.939,18.142000000000003,-9.764999999999999,0.0,,,,1631.562,1.758593271006248e-13,1640.6329999999998,-0.005951970977055807
2022-12-31,bank_reserve_access_core,Banks reserve-access core,computed_identity|revaluation_inference,Definition excludes banks in U.S.-affiliated areas and credit unions.,1648.945,18.682,-9.675999999999998,0.0,,,,1639.939,-1.4210854715202004e-13,1649.28,-0.005866802483507954
2023-03-31,bank_reserve_access_core,Banks reserve-access core,computed_identity|revaluation_inference,Definition excludes banks in U.S.-affiliated areas and credit unions.,1657.085,17.634999999999998,-9.496,0.0,,,,1648.945,0.0010000000001024745,1657.7625,-0.0057282029241221225
2023-06-30,bank_reserve_access_core,Banks reserve-access core,computed_identity|revaluation_inference,Definition excludes banks in U.S.-affiliated areas and credit unions.,1663.212,15.258,-9.131,0.0,,,,1657.085,-4.618527782440651e-14,1664.714,-0.0054850262567624234
2023-09-30,bank_reserve_access_core,Banks reserve-access core,computed_identity|revaluation_inference,Definition excludes banks in U.S.-affiliated areas and credit unions.,1672.4769999999999,12.131,-2.866,0.0,,,,1663.212,-1.2745360322696797e-13,1669.2775,-0.0017169104597647786
2023-12-31,bank_reserve_access_core,Banks reserve-access core,computed_identity|revaluation_inference,Definition excludes banks in U.S.-affiliated areas and credit unions.,1679.007,9.022,-2.494,0.0,,,,1672.4769999999999,0.002000000000200064,1676.9879999999998,-0.0014871901289693192
2024-03-31,bank_reserve_access_core,Banks reserve-access core,computed_identity|revaluation_inference,Definition excludes banks in U.S.-affiliated areas and credit unions.,1683.373,6.6899999999999995,-2.325,0.0,,,,1679.007,0.000999999999986123,1682.352,-0.0013819937801363806
2024-06-30,bank_reserve_access_core,Banks reserve-access core,computed_identity|revaluation_inference,Definition excludes banks in U.S.-affiliated areas and credit unions.,1694.276,5.708,5.196,0.0,,,,1683.373,-0.0009999999999799059,1686.227,0.0030814356548673457
2024-09-30,bank_reserve_access_core,Banks reserve-access core,computed_identity|revaluation_inference,Definition excludes banks in U.S.-affiliated areas and credit unions.,1705.579,6.315,4.989,0.0,,,,1694.276,-0.0010000000001166853,1697.4335,0.0029391431240163458
2024-12-31,bank_reserve_access_core,Banks reserve-access core,computed_identity|revaluation_inference,Definition excludes banks in U.S.-affiliated areas and credit unions.,1718.612,8.362,4.671,0.0,,,,1705.579,1.2878587085651816e-13,1709.76,0.002731962380685009
2025-03-31,bank_reserve_access_core,Banks reserve-access core,computed_identity|revaluation_inference,Definition excludes banks in U.S.-affiliated areas and credit unions.,1734.204,11.35,4.242,0.0,,,,1718.612,-1.2878587085651816e-13,1724.287,0.0024601472956648166
2025-06-30,bank_reserve_access_core,Banks reserve-access core,computed_identity|revaluation_inference,Definition excludes banks in U.S.-affiliated areas and credit unions.,1752.67,14.545,3.9210000000000003,0.0,,,,1734.204,1.2168044349891716e-13,1741.4765,0.00225153770378182
2025-09-30,bank_reserve_access_core,Banks reserve-access core,computed_identity|revaluation_inference,Definition excludes banks in U.S.-affiliated areas and credit unions.,1773.541,17.167,3.704,0.0,,,,1752.67,-1.3455903058456897e-13,1761.2535,0.00210304763056539
2025-12-31,bank_reserve_access_core,Banks reserve-access core,computed_identity|revaluation_inference,Definition excludes banks in U.S.-affiliated areas and credit unions.,1795.859,18.572,3.746,0.0,,,,1773.541,-1.554312234475219e-14,1782.827,0.002101157319246343
2022-03-31,bank_us_affiliated_areas,Banks in U.S.-affiliated areas,direct_z1|revaluation_inference_weak,,26.0,0.0,0.0,0.0,,,,,,,
2022-06-30,bank_us_affiliated_areas,Banks in U.S.-affiliated areas,direct_z1|revaluation_inference_weak,,26.17,0.3,-0.13,0.0,,,,26.0,1.7208456881689926e-15,26.15,-0.004971319311663481
2022-09-30,bank_us_affiliated_areas,Banks in U.S.-affiliated areas,direct_z1|revaluation_inference_weak,,26.326,0.289,-0.133,0.0,,,,26.17,-1.1657341758564144e-15,26.314500000000002,-0.005054247658135248
2022-12-31,bank_us_affiliated_areas,Banks in U.S.-affiliated areas,direct_z1|revaluation_inference_weak,,26.446,0.252,-0.132,0.0,,,,26.326,9.992007221626409e-16,26.452,-0.004990170875548163
2023-03-31,bank_us_affiliated_areas,Banks in U.S.-affiliated areas,direct_z1|revaluation_inference_weak,,26.514,0.197,-0.129,0.0,,,,26.446,-2.1649348980190553e-15,26.544500000000003,-0.004859763792876113
2023-06-30,bank_us_affiliated_areas,Banks in U.S.-affiliated areas,direct_z1|revaluation_inference_weak,,26.53,0.138,-0.122,0.0,,,,26.514,1.7763568394002505e-15,26.583,-0.004589399240115864
2023-09-30,bank_us_affiliated_areas,Banks in U.S.-affiliated areas,direct_z1|revaluation_inference_weak,,26.582,0.089,-0.037,0.0,,,,26.53,-3.95516952522712e-16,26.5745,-0.00139231217896856
2023-12-31,bank_us_affiliated_areas,Banks in U.S.-affiliated areas,direct_z1|revaluation_inference_weak,,26.613,0.063,-0.031,0.0,,,,26.582,-0.0010000000000011944,26.613500000000002,-0.0011648223645894
2024-03-31,bank_us_affiliated_areas,Banks in U.S.-affiliated areas,direct_z1|revaluation_inference_weak,,26.649,0.065,-0.029,0.0,,,,26.613,1.3634926521177704e-15,26.6455,-0.0010883638888367644
2024-06-30,bank_us_affiliated_areas,Banks in U.S.-affiliated areas,direct_z1|revaluation_inference_weak,,26.815,0.095,0.07,0.0,,,,26.649,0.0010000000000003617,26.6965,0.0026220665630326077
2024-09-30,bank_us_affiliated_areas,Banks in U.S.-affiliated areas,direct_z1|revaluation_inference_weak,,27.029,0.146,0.067,0.0,,,,26.815,0.0009999999999986409,26.888,0.002491817911335912
2024-12-31,bank_us_affiliated_areas,Banks in U.S.-affiliated areas,direct_z1|revaluation_inference_weak,,27.297,0.206,0.062,0.0,,,,27.029,6.938893903907228e-16,27.132,0.002285124576146248
2025-03-31,bank_us_affiliated_areas,Banks in U.S.-affiliated areas,direct_z1|revaluation_inference_weak,,27.611,0.259,0.056,0.0,,,,27.297,-0.0009999999999999523,27.4265,0.0020418208666800356
2025-06-30,bank_us_affiliated_areas,Banks in U.S.-affiliated areas,direct_z1|revaluation_inference_weak,,27.955,0.293,0.051,0.0,,,,27.611,-2.338407245616736e-15,27.7575,0.0018373412591191568
2025-09-30,bank_us_affiliated_areas,Banks in U.S.-affiliated areas,direct_z1|revaluation_inference_weak,,28.301,0.299,0.048,0.0,,,,27.955,-0.0009999999999999037,28.104499999999998,0.0017079115444145958
2025-12-31,bank_us_affiliated_areas,Banks in U.S.-affiliated areas,direct_z1|revaluation_inference_weak,,28.625,0.276,0.048,0.0,,,,28.301,1.5959455978986625e-15,28.439,0.0016878230598825557
2022-03-31,bank_us_chartered,U.S.-chartered depositories,direct_z1|revaluation_inference,,1500.0,0.0,0.0,0.0,,,,,,,
2022-06-30,bank_us_chartered,U.S.-chartered depositories,direct_z1|revaluation_inference,,1505.388,14.388,-9.0,0.0,,,,1500.0,-7.993605777301127e-14,1507.194,-0.005971361350960792
2022-09-30,bank_us_chartered,U.S.-chartered depositories,direct_z1|revaluation_inference,,1512.558,16.347,-9.177,0.0,,,,1505.388,7.105427357601002e-14,1513.5615,-0.006063182764625025
2022-12-31,bank_us_chartered,U.S.-chartered depositories,direct_z1|revaluation_inference,,1520.48,16.997,-9.075,0.0,,,,1512.558,2.4868995751603507e-14,1521.0565,-0.00596624780210334
2023-03-31,bank_us_chartered,U.S.-chartered depositories,direct_z1|revaluation_inference,,1527.792,16.179,-8.867,0.0,,,,1520.48,-9.947598300641403e-14,1528.5695,-0.005800848440322799
2023-06-30,bank_us_chartered,U.S.-chartered depositories,direct_z1|revaluation_inference,,1533.415,14.093,-8.47,0.0,,,,1527.792,4.796163466380676e-14,1534.8384999999998,-0.005518495919929036
2023-09-30,bank_us_chartered,U.S.-chartered depositories,direct_z1|revaluation_inference,,1542.088,11.249,-2.576,0.0,,,,1533.415,1.3322676295501878e-15,1539.0394999999999,-0.0016737712060021853
2023-12-31,bank_us_chartered,U.S.-chartered depositories,direct_z1|revaluation_inference,,1548.25,8.345,-2.184,0.0,,,,1542.088,0.0010000000000340847,1546.2604999999999,-0.0014124398831891524
2024-03-31,bank_us_chartered,U.S.-chartered depositories,direct_z1|revaluation_inference,,1552.334,6.09,-2.007,0.0,,,,1548.25,0.001000000000060286,1551.295,-0.001293757795906001
2024-06-30,bank_us_chartered,U.S.-chartered depositories,direct_z1|revaluation_inference,,1562.289,5.038,4.918,0.0,,,,1552.334,-0.0010000000000731646,1554.853,0.003162999974917243
2024-09-30,bank_us_chartered,U.S.-chartered depositories,direct_z1|revaluation_inference,,1572.421,5.445,4.687,0.0,,,,1562.289,6.128431095930864e-14,1565.0115,0.002994866171909919
2024-12-31,bank_us_chartered,U.S.-chartered depositories,direct_z1|revaluation_inference,,1583.973,7.212,4.34,0.0,,,,1572.421,-9.237055564881302e-14,1576.027,0.0027537599292397907
2025-03-31,bank_us_chartered,U.S.-chartered depositories,direct_z1|revaluation_inference,,1597.758,9.907,3.878,0.0,,,,1583.973,8.171241461241152e-14,1588.9265,0.002440641527471535
2025-06-30,bank_us_chartered,U.S.-chartered depositories,direct_z1|revaluation_inference,,1614.155,12.869,3.528,0.0,,,,1597.758,-6.52811138479592e-14,1604.1925,0.0021992373109835633
2025-09-30,bank_us_chartered,U.S.-chartered depositories,direct_z1|revaluation_inference,,1632.822,15.374,3.293,0.0,,,,1614.155,-8.43769498715119e-14,1621.8419999999999,0.0020304074009675423
2025-12-31,bank_us_chartered,U.S.-chartered depositories,direct_z1|revaluation_inference,,1652.96,16.808,3.331,0.0,,,,1632.822,-0.0009999999998524522,1641.2259999999999,0.0020295803259270813
2022-03-31,credit_unions_marketable_proxy,Credit unions marketable Treasury proxy,computed_series_proxy|revaluation_inference_weak,,66.0,0.0,0.0,0.0,,,,,,,
2022-06-30,credit_unions_marketable_proxy,Credit unions marketable Treasury proxy,computed_series_proxy|revaluation_inference_weak,,66.44800000000001,0.777,-0.32899999999999996,0.0,,,,66.0,7.438494264988549e-15,66.3885,-0.0049556775646384535
2022-09-30,credit_unions_marketable_proxy,Credit unions marketable Treasury proxy,computed_series_proxy|revaluation_inference_weak,,66.829,0.716,-0.33499999999999996,0.0,,,,66.44800000000001,-1.3988810110276972e-14,66.80600000000001,-0.005014519653923299
2022-12-31,credit_unions_marketable_proxy,Credit unions marketable Treasury proxy,computed_series_proxy|revaluation_inference_weak,,67.111,0.615,-0.33299999999999996,0.0,,,,66.829,1.0658141036401503e-14,67.1365,-0.004960044089280793
2023-03-31,credit_unions_marketable_proxy,Credit unions marketable Treasury proxy,computed_series_proxy|revaluation_inference_weak,,67.28,0.497,-0.32799999999999996,0.0,,,,67.111,-3.1086244689504383e-15,67.35950000000001,-0.004869394814391435
2023-06-30,credit_unions_marketable_proxy,Credit unions marketable Treasury proxy,computed_series_proxy|revaluation_inference_weak,,67.356,0.393,-0.317,0.0,,,,67.28,-6.6058269965196814e-15,67.4765,-0.0046979318725778605
2023-09-30,credit_unions_marketable_proxy,Credit unions marketable Treasury proxy,computed_series_proxy|revaluation_inference_weak,,67.581,0.327,-0.10200000000000001,0.0,,,,67.356,8.520961713998076e-15,67.5195,-0.0015106746939772956
2023-12-31,credit_unions_marketable_proxy,Credit unions marketable Treasury proxy,computed_series_proxy|revaluation_inference_weak,,67.805,0.316,-0.09100000000000001,0.0,,,,67.581,-0.00099999999999624,67.739,-0.0013433915469670352
2024-03-31,credit_unions_marketable_proxy,Credit unions marketable Treasury proxy,computed_series_proxy|revaluation_inference_weak,,68.082,0.362,-0.085,0.0,,,,67.805,-1.317002062961592e-14,67.986,-0.0012502574059365164
2024-06-30,credit_unions_marketable_proxy,Credit unions marketable Treasury proxy,computed_series_proxy|revaluation_inference_weak,,68.711,0.45399999999999996,0.176,0.0,,,,68.082,-0.0009999999999950604,68.309,0.002576527251167489
2024-09-30,credit_unions_marketable_proxy,Credit unions marketable Treasury proxy,computed_series_proxy|revaluation_inference_weak,,69.45100000000001,0.5690000000000001,0.17099999999999999,0.0,,,,68.711,9.048317650695026e-15,68.99549999999999,0.0024784225058155965
2024-12-31,credit_unions_marketable_proxy,Credit unions marketable Treasury proxy,computed_series_proxy|revaluation_inference_weak,,70.29400000000001,0.681,0.163,0.0,,,,69.45100000000001,-0.0009999999999965314,69.79150000000001,0.0023355279654399172
2025-03-31,credit_unions_marketable_proxy,Credit unions marketable Treasury proxy,computed_series_proxy|revaluation_inference_weak,,71.20400000000001,0.76,0.15,0.0,,,,70.29400000000001,-3.4139358007223564e-15,70.674,0.0021224212581713218
2025-06-30,credit_unions_marketable_proxy,Credit unions marketable Treasury proxy,computed_series_proxy|revaluation_inference_weak,,72.13199999999999,0.788,0.14100000000000001,0.0,,,,71.20400000000001,-0.0010000000000169873,71.59800000000001,0.001969328752199782
2025-09-30,credit_unions_marketable_proxy,Credit unions marketable Treasury proxy,computed_series_proxy|revaluation_inference_weak,,73.025,0.757,0.135,0.0,,,,72.13199999999999,0.0010000000000148779,72.5105,0.0018617993256149113
2025-12-31,credit_unions_marketable_proxy,Credit unions marketable Treasury proxy,computed_series_proxy|revaluation_inference_weak,,73.837,0.6759999999999999,0.136,0.0,,,,73.025,-2.3314683517128287e-15,73.363,0.0018537955099982282
2022-03-31,deposit_user_narrow_proxy,Deposit-user narrow proxy,computed_identity,Narrow proxy omits some domestic non-bank Treasury holders.,8000.0,0.0,0.0,0.0,,,,,,,
2022-06-30,deposit_user_narrow_proxy,Deposit-user narrow proxy,computed_identity,Narrow proxy omits some domestic non-bank Treasury holders.,7999.773,49.813,-50.041,0.0,,,,8000.0,0.0010000000001326725,8024.9065,-0.006235711282118988
2022-09-30,deposit_user_narrow_proxy,Deposit-user narrow proxy,computed_identity,Narrow proxy omits some domestic non-bank Treasury holders.,8002.1810000000005,49.457,-47.05,0.0,,,,7999.773,0.0010000000003529408,8024.5015,-0.005863292567145759
2022-12-31,deposit_user_narrow_proxy,Deposit-user narrow proxy,computed_identity,Narrow proxy omits some domestic non-bank Treasury holders.,8002.955,45.536,-44.760999999999996,0.0,,,,8002.1810000000005,-0.001000000000573209,8024.9490000000005,-0.00557773015130688
2023-03-31,deposit_user_narrow_proxy,Deposit-user narrow proxy,computed_identity,Narrow proxy omits some domestic non-bank Treasury holders.,7998.339000000001,39.01199999999999,-43.628,0.0,,,,8002.955,9.308109838457312e-13,8022.461,-0.005438231485326011
2023-06-30,deposit_user_narrow_proxy,Deposit-user narrow proxy,computed_identity,Narrow proxy omits some domestic non-bank Treasury holders.,7985.98,31.480000000000004,-43.84,0.0,,,,7998.339000000001,0.000999999998711587,8014.079000000001,-0.005470372827619992
2023-09-30,deposit_user_narrow_proxy,Deposit-user narrow proxy,computed_identity,Narrow proxy omits some domestic non-bank Treasury holders.,7998.518999999999,24.785999999999998,-12.246999999999998,0.0,,,,7985.98,-2.398081733190338e-13,7998.373,-0.0015311864050351238
2023-12-31,deposit_user_narrow_proxy,Deposit-user narrow proxy,computed_identity,Narrow proxy omits some domestic non-bank Treasury holders.,8004.518999999999,20.569,-14.568000000000001,0.0,,,,7998.518999999999,-0.0009999999999976694,8008.803499999999,-0.0018189983060515847
2024-03-31,deposit_user_narrow_proxy,Deposit-user narrow proxy,computed_identity,Narrow proxy omits some domestic non-bank Treasury holders.,8006.822,19.86,-17.556,0.0,,,,8004.518999999999,-0.0009999999992054143,8014.449,-0.0021905436044324447
2024-06-30,deposit_user_narrow_proxy,Deposit-user narrow proxy,computed_identity,Narrow proxy omits some domestic non-bank Treasury holders.,8048.829,22.832,19.174,0.0,,,,8006.822,0.000999999999606871,8018.238,0.002391298437387366
2024-09-30,deposit_user_narrow_proxy,Deposit-user narrow proxy,computed_identity,Narrow proxy omits some domestic non-bank Treasury holders.,8095.271,28.761,17.681999999999995,0.0,,,,8048.829,-0.0009999999999870113,8063.2095,0.0021929233018192066
2024-12-31,deposit_user_narrow_proxy,Deposit-user narrow proxy,computed_identity,Narrow proxy omits some domestic non-bank Treasury holders.,8149.032,36.192,17.569000000000003,0.0,,,,8095.271,4.192202140984591e-13,8113.366999999999,0.0021654388369218357
2025-03-31,deposit_user_narrow_proxy,Deposit-user narrow proxy,computed_identity,Narrow proxy omits some domestic non-bank Treasury holders.,8231.211,43.307,18.873,20.0,,,,8149.032,-0.0010000000008254517,8180.6855000000005,0.0023070193811997783
2025-06-30,deposit_user_narrow_proxy,Deposit-user narrow proxy,computed_identity,Narrow proxy omits some domestic non-bank Treasury holders.,8301.011999999999,48.363,21.436,0.0,,,,8231.211,0.0019999999994766426,8255.3925,0.002596605794333825
2025-09-30,deposit_user_narrow_proxy,Deposit-user narrow proxy,computed_identity,Narrow proxy omits some domestic non-bank Treasury holders.,8375.612000000001,50.123,24.477999999999998,0.0,,,,8301.011999999999,-0.0009999999978127505,8326.073499999999,0.0029399212005514967
2025-12-31,deposit_user_narrow_proxy,Deposit-user narrow proxy,computed_identity,Narrow proxy omits some domestic non-bank Treasury holders.,8451.343,48.157,27.574,0.0,,,,8375.612000000001,-2.3092638912203256e-13,8399.6905,0.0032827400009559876
2022-03-31,domestic_nonbank_residual_broad,Domestic non-bank residual broad,computed_identity|revaluation_inference,Broad residual inherits measurement error from all upstream blocks.,8950.0,0.0,0.0,0.0,,,,,,,
2022-06-30,domestic_nonbank_residual_broad,Domestic non-bank residual broad,computed_identity|revaluation_inference,Broad residual inherits measurement error from all upstream blocks.,8947.587,59.771000000000015,-62.186,0.0,,,,8950.0,0.001999999999519275,8979.8855,-0.006925032618734392
2022-09-30,domestic_nonbank_residual_broad,Domestic non-bank residual broad,computed_identity|revaluation_inference,Broad residual inherits measurement error from all upstream blocks.,8947.568000000003,59.92100000000002,-59.93999999999998,0.0,,,,8947.587,3.367972567502875e-12,8977.547499999999,-0.006676656403098952
2022-12-31,domestic_nonbank_residual_broad,Domestic non-bank residual broad,computed_identity|revaluation_inference,Broad residual inherits measurement error from all upstream blocks.,8945.142999999996,55.90200000000006,-58.32500000000001,0.0,,,,8947.568000000003,-0.002000000006596281,8975.519000000004,-0.00649823146717198
2023-03-31,domestic_nonbank_residual_broad,Domestic non-bank residual broad,computed_identity|revaluation_inference,Broad residual inherits measurement error from all upstream blocks.,8936.249,48.70099999999998,-57.59500000000001,0.0,,,,8945.142999999996,3.439026841078885e-12,8969.493499999997,-0.0064212098486943585
2023-06-30,domestic_nonbank_residual_broad,Domestic non-bank residual broad,computed_identity|revaluation_inference,Broad residual inherits measurement error from all upstream blocks.,8918.583999999997,40.07800000000004,-57.74400000000001,0.0,,,,8936.249,0.0009999999972762907,8956.288,-0.006447313887181833
2023-09-30,domestic_nonbank_residual_broad,Domestic non-bank residual broad,computed_identity|revaluation_inference,Broad residual inherits measurement error from all upstream blocks.,8933.601,32.147000000000006,-17.130000000000006,0.0,,,,8918.583999999997,3.4638958368304884e-12,8934.657499999998,-0.0019172531235808435
2023-12-31,domestic_nonbank_residual_broad,Domestic non-bank residual broad,computed_identity|revaluation_inference,Broad residual inherits measurement error from all upstream blocks.,8941.557999999997,26.850000000000037,-18.892000000000003,0.0,,,,8933.601,-0.0010000000033372203,8947.026,-0.0021115396333932644
2024-03-31,domestic_nonbank_residual_broad,Domestic non-bank residual broad,computed_identity|revaluation_inference,Broad residual inherits measurement error from all upstream blocks.,8945.978,25.480999999999998,-21.061,0.0,,,,8941.557999999997,1.893596390800667e-12,8954.298499999997,-0.002352054714280522
2024-06-30,domestic_nonbank_residual_broad,Domestic non-bank residual broad,computed_identity|revaluation_inference,Broad residual inherits measurement error from all upstream blocks.,9000.043000000001,28.375999999999998,25.687999999999995,0.0,,,,8945.978,0.001000000002335355,8960.166,0.0028669111710653574
2024-09-30,domestic_nonbank_residual_broad,Domestic non-bank residual broad,computed_identity|revaluation_inference,Broad residual inherits measurement error from all upstream blocks.,9059.668000000001,34.82900000000001,24.796999999999993,0.0,,,,9000.043000000001,-0.0010000000000012221,9017.457500000002,0.0027498882029663003
2024-12-31,domestic_nonbank_residual_broad,Domestic non-bank residual broad,computed_identity|revaluation_inference,Broad residual inherits measurement error from all upstream blocks.,9127.903999999999,43.25699999999998,24.978999999999992,0.0,,,,9059.668000000001,-2.8208546609675977e-12,9081.296500000002,0.002750598441533099
2025-03-31,domestic_nonbank_residual_broad,Domestic non-bank residual broad,computed_identity|revaluation_inference,Broad residual inherits measurement error from all upstream blocks.,9225.697000000004,51.59800000000002,26.195,20.0,,,,9127.903999999999,5.101696842757519e-12,9163.703,0.0028585605622530545
2025-06-30,domestic_nonbank_residual_broad,Domestic non-bank residual broad,computed_identity|revaluation_inference,Broad residual inherits measurement error from all upstream blocks.,9311.706,57.809000000000005,28.198999999999998,0.0,,,,9225.697000000004,0.0009999999963739015,9254.601500000004,0.0030470247692458703
2025-09-30,domestic_nonbank_residual_broad,Domestic non-bank residual broad,computed_identity|revaluation_inference,Broad residual inherits measurement error from all upstream blocks.,9402.67,60.37000000000002,30.595000000000006,0.0,,,,9311.706,-0.0010000000000829345,9341.891,0.0032750328600494277
2025-12-31,domestic_nonbank_residual_broad,Domestic non-bank residual broad,computed_identity|revaluation_inference,Broad residual inherits measurement error from all upstream blocks.,9494.276,58.653999999999996,32.95199999999998,0.0,,,,9402.67,-2.0605739337042905e-13,9431.997,0.0034936397880533654
2022-03-31,fed,Monetary authority / Fed,direct_z1|exact_soma_overlay,,5600.0,0.0,0.0,0.0,,319.125,0.056986607142857144,,,,
2022-06-30,fed,Monetary authority / Fed,direct_z1|exact_soma_overlay,,5584.087,48.307,-64.221,0.0,,335.515,0.060084128345421546,5600.0,0.0010000000004453113,5624.1535,-0.011418785066943852
2022-09-30,fed,Monetary authority / Fed,direct_z1|exact_soma_overlay,,5568.873,52.913,-68.126,0.0,,348.733,0.06262182671431006,5584.087,-0.0010000000008432153,5610.543500000001,-0.012142495642356217
2022-12-31,fed,Monetary authority / Fed,direct_z1|exact_soma_overlay,,5551.063,53.867,-71.677,0.0,,357.047,0.06432047339401481,5568.873,5.258016244624741e-13,5595.8065,-0.01280905621021742
2023-03-31,fed,Monetary authority / Fed,direct_z1|exact_soma_overlay,,5528.181,50.936,-73.818,0.0,,359.293,0.06499298774768772,5551.063,-5.258016244624741e-13,5576.531,-0.01323726165962316
2023-06-30,fed,Monetary authority / Fed,direct_z1|exact_soma_overlay,,5499.505,44.838,-73.514,0.0,,355.078,0.06456544725388921,5528.181,5.258016244624741e-13,5550.599999999999,-0.013244333945879726
2023-09-30,fed,Monetary authority / Fed,direct_z1|exact_soma_overlay,,5510.74,37.066,-25.831,0.0,,347.645,0.06308499402983991,5499.505,-3.304023721284466e-13,5518.0380000000005,-0.004681192844268198
2023-12-31,fed,Monetary authority / Fed,direct_z1|exact_soma_overlay,,5517.404,29.523,-22.859,0.0,,334.986,0.060714422942383765,5510.74,6.714628852932947e-13,5525.501499999999,-0.00413700005329833
2024-03-31,fed,Monetary authority / Fed,direct_z1|exact_soma_overlay,,5540.948,24.055,-18.511,18.0,,319.794,0.057714672651683424,5517.404,-1.3145040611561853e-13,5538.431500000001,-0.0033422820161267677
2024-06-30,fed,Monetary authority / Fed,direct_z1|exact_soma_overlay,,5597.425,22.001,34.476,0.0,,304.591,0.05441627176782181,5540.948,-1.4210854715202004e-13,5551.9485,0.006209711779567119
2024-09-30,fed,Monetary authority / Fed,direct_z1|exact_soma_overlay,,5658.849,23.865,37.559,0.0,,289.631,0.05118196297515625,5597.425,-1.4210854715202004e-14,5609.3575,0.006695775763980099
2024-12-31,fed,Monetary authority / Fed,direct_z1|exact_soma_overlay,,5727.044,29.189,39.006,0.0,,277.006,0.04836805863548455,5658.849,-2.913225216616411e-13,5673.4435,0.00687518964452541
2025-03-31,fed,Monetary authority / Fed,direct_z1|exact_soma_overlay,,5802.143,36.671,38.428,0.0,,268.548,0.04628427806760364,5727.044,1.6342482922482304e-13,5745.3795,0.006688505084825118
2025-06-30,fed,Monetary authority / Fed,direct_z1|exact_soma_overlay,,5882.014,44.478,35.393,0.0,,265.631,0.045159872111831076,5802.143,9.237055564881302e-14,5824.382,0.006076696205709035
2025-09-30,fed,Monetary authority / Fed,direct_z1|exact_soma_overlay,,5964.646,50.699,31.933,0.0,,269.118,0.04511885533525376,5882.014,-3.907985046680551e-13,5907.3635,0.005405626384765386
2025-12-31,fed,Monetary authority / Fed,direct_z1|exact_soma_overlay,,6046.473,53.811,28.016,0.0,,279.138,0.04616542569527723,5964.646,2.2737367544323206e-13,5991.5515,0.004675917414713034
2022-03-31,foreigners_official,Foreign official,direct_z1|shl_slt_anchor,,3573.898,0.0,0.0,0.0,,403.094,0.11278833363459169,,,,
2022-06-30,foreigners_official,Foreign official,direct_z1|shl_slt_anchor,,3597.494,55.847,-32.251,0.0,,425.897,0.11838713282079136,3573.898,0.0,3601.8215,-0.008954080595054474
2022-09-30,foreigners_official,Foreign official,direct_z1|shl_slt_anchor,,3610.675,47.717,-34.536,0.0,,442.351,0.12251199567947821,3597.494,4.263256414560601e-14,3621.3525,-0.009536768375903755
2022-12-31,foreigners_official,Foreign official,direct_z1|shl_slt_anchor,,3609.335,35.229,-36.569,0.0,,450.117,0.12470912231754604,3610.675,-1.4210854715202004e-13,3628.2895000000003,-0.010078853961350108
2023-03-31,foreigners_official,Foreign official,direct_z1|shl_slt_anchor,,3591.465,19.898,-37.768,0.0,,447.986,0.12473628449671652,3609.335,1.1368683772161603e-13,3619.284,-0.010435213152656712
2023-06-30,foreigners_official,Foreign official,direct_z1|shl_slt_anchor,,3557.672,3.788,-37.581,0.0,,436.139,0.12259112138499559,3591.465,-1.1368683772161603e-13,3593.359,-0.010458459619537041
2023-09-30,foreigners_official,Foreign official,direct_z1|shl_slt_anchor,,3536.337,-8.185,-13.149,0.0,,419.089,0.11850935021181522,3557.672,-0.0010000000000367493,3553.5795,-0.003700212701024418
2023-12-31,foreigners_official,Foreign official,direct_z1|shl_slt_anchor,,3505.021,-19.774,-11.543,0.0,,395.858,0.11294026483721495,3536.337,0.0010000000001966214,3526.45,-0.003273263480270527
2024-03-31,foreigners_official,Foreign official,direct_z1|shl_slt_anchor,,3469.385,-26.383,-9.253,0.0,,369.48,0.10649726104194258,3505.021,3.197442310920451e-14,3491.8295000000003,-0.002649900288659569
2024-06-30,foreigners_official,Foreign official,direct_z1|shl_slt_anchor,,3461.866,-24.505,16.986,0.0,,345.803,0.09988919270705451,3469.385,-2.3447910280083306e-13,3457.1325,0.004913320504782504
2024-09-30,foreigners_official,Foreign official,direct_z1|shl_slt_anchor,,3470.854,-9.29,18.279,0.0,,325.718,0.09384376294710178,3461.866,-0.0010000000001717524,3457.221,0.00528719454151181
2024-12-31,foreigners_official,Foreign official,direct_z1|shl_slt_anchor,,3479.588,-10.092,18.826,0.0,,309.776,0.08902663188860291,3470.854,3.765876499528531e-13,3465.808,0.0054319223684635735
2025-03-31,foreigners_official,Foreign official,direct_z1|shl_slt_anchor,,3501.512,3.552,18.372,0.0,,301.018,0.08596800467912147,3479.588,-2.1316282072803006e-14,3481.364,0.005277241908631215
2025-06-30,foreigners_official,Foreign official,direct_z1|shl_slt_anchor,,3537.481,19.161,16.807,0.0,,300.701,0.08500427281446883,3501.512,0.0010000000000509601,3511.0925,0.0047868291706925975
2025-09-30,foreigners_official,Foreign official,direct_z1|shl_slt_anchor,,3587.417,34.824,15.112,0.0,,309.386,0.0862419952851871,3537.481,-3.0375701953744283e-13,3554.893,0.004251042155136596
2025-12-31,foreigners_official,Foreign official,direct_z1|shl_slt_anchor,,3649.242,48.566,13.259,0.0,,326.77,0.08954462323956591,3587.417,2.7000623958883807e-13,3611.7,0.0036711244012514886
2022-03-31,foreigners_private,Foreign private,computed_from_total_minus_official|shl_slt_anchor,,4626.102,0.0,0.0,0.0,,1024.658,0.221494900025983,,,,
2022-06-30,foreigners_private,Foreign private,computed_from_total_minus_official|shl_slt_anchor,,4577.882,2.7749999999999986,-50.995,0.0,,1046.4080000000001,0.22857906778724316,4626.102,-2.5579538487363607e-13,4627.4895,-0.01102001419992417
2022-09-30,foreigners_private,Foreign private,computed_from_total_minus_official|shl_slt_anchor,,4537.369,13.245000000000005,-53.757999999999996,0.0,,1055.6889999999999,0.23266544995569016,4577.882,7.105427357601002e-14,4584.5045,-0.011726021863431477
2022-12-31,foreigners_private,Foreign private,computed_from_total_minus_official|shl_slt_anchor,,4505.51,24.410000000000004,-56.269999999999996,0.0,,1051.0430000000001,0.2332794733559575,4537.369,0.001000000000523471,4549.574,-0.012368190955900487
2023-03-31,foreigners_private,Foreign private,computed_from_total_minus_official|shl_slt_anchor,,4482.829,35.07899999999999,-57.760000000000005,0.0,,1032.638,0.2303540911330769,4505.51,-4.831690603168681e-13,4523.0495,-0.01277014545164717
2023-06-30,foreigners_private,Foreign private,computed_from_total_minus_official|shl_slt_anchor,,4469.688,44.329,-57.47,0.0,,1002.263,0.2242355618557716,4482.829,3.765876499528531e-13,4504.9935,-0.01275695514322052
2023-09-30,foreigners_private,Foreign private,computed_from_total_minus_official|shl_slt_anchor,,4498.384,48.923,-20.229,0.0,,970.0140000000001,0.21563610398756533,4469.688,0.0019999999999100737,4494.1495,-0.0045011853744518285
2023-12-31,foreigners_private,Foreign private,computed_from_total_minus_official|shl_slt_anchor,,4534.843999999999,54.422000000000004,-17.96,0.0,,932.078,0.20553694901081496,4498.384,-0.002000000000876412,4525.595,-0.003968538943498037
2024-03-31,foreigners_private,Foreign private,computed_from_total_minus_official|shl_slt_anchor,,4577.938999999999,57.72,-14.625,0.0,,892.9949999999999,0.1950648534198468,4534.843999999999,2.5579538487363607e-13,4563.703999999999,-0.003204633779929637
2024-06-30,foreigners_private,Foreign private,computed_from_total_minus_official|shl_slt_anchor,,4661.398,56.120999999999995,27.339000000000002,0.0,,864.051,0.18536306060971408,4577.938999999999,-0.0009999999992551523,4605.999499999999,0.005935519532731171
2024-09-30,foreigners_private,Foreign private,computed_from_total_minus_official|shl_slt_anchor,,4761.08,44.707,29.973000000000003,25.0,,844.9499999999998,0.17747023784519475,4661.398,0.0019999999997857287,4696.2515,0.006382324285656337
2024-12-31,foreigners_private,Foreign private,computed_from_total_minus_official|shl_slt_anchor,,4844.386,51.900999999999996,31.405,0.0,,834.2919999999999,0.17221831621179648,4761.08,4.973799150320701e-13,4787.0305,0.006560434490651355
2025-03-31,foreigners_private,Foreign private,computed_from_total_minus_official|shl_slt_anchor,,4921.133,45.675,31.072000000000003,0.0,,837.3679999999999,0.17015756330909976,4844.386,-6.110667527536862e-13,4867.2235,0.006383927099300043
2025-06-30,foreigners_private,Foreign private,computed_from_total_minus_official|shl_slt_anchor,,4986.501,36.693999999999996,28.675,0.0,,855.2169999999999,0.17150643306799696,4921.133,-0.0009999999996033182,4939.48,0.005805266951177048
2025-09-30,foreigners_private,Foreign private,computed_from_total_minus_official|shl_slt_anchor,,5037.601000000001,25.246000000000002,25.854,0.0,,887.2750000000001,0.17613046368698115,4986.501,3.623767952376511e-13,4999.124,0.0051717060829057256
2025-12-31,foreigners_private,Foreign private,computed_from_total_minus_official|shl_slt_anchor,,5072.478999999999,12.274000000000001,22.604,0.0,,931.0620000000001,0.1835516716776945,5037.601000000001,-1.2079226507921703e-12,5043.738,0.0044815967839725215
2022-03-31,foreigners_total,Foreigners total,direct_z1|shl_slt_anchor,,8200.0,0.0,0.0,0.0,,1427.752,0.1741160975609756,,,,
2022-06-30,foreigners_total,Foreigners total,direct_z1|shl_slt_anchor,,8175.376,58.622,-83.246,0.0,,1472.305,0.18009018790083783,8200.0,1.9895196601282805e-13,8229.311,-0.01011579219694091
2022-09-30,foreigners_total,Foreigners total,direct_z1|shl_slt_anchor,,8148.044,60.962,-88.294,0.0,,1498.04,0.1838527136083212,8175.376,-3.410605131648481e-13,8205.857,-0.010759875537679976
2022-12-31,foreigners_total,Foreigners total,direct_z1|shl_slt_anchor,,8114.845,59.639,-92.839,0.0,,1501.16,0.18498936208886307,8148.044,0.001000000000374257,8177.8634999999995,-0.011352476108215796
2023-03-31,foreigners_total,Foreigners total,direct_z1|shl_slt_anchor,,8074.294,54.977,-95.528,0.0,,1480.624,0.18337504183028264,8114.845,-3.836930773104541e-13,8142.333500000001,-0.01173226323878775
2023-06-30,foreigners_total,Foreigners total,direct_z1|shl_slt_anchor,,8027.36,48.117,-95.051,0.0,,1438.402,0.17918742899284448,8074.294,-1.8474111129762605e-13,8098.3525,-0.011737078621855496
2023-09-30,foreigners_total,Foreigners total,direct_z1|shl_slt_anchor,,8034.721,40.738,-33.378,0.0,,1389.103,0.17288752154555212,8027.36,0.0009999999998768772,8047.728999999999,-0.004147505463963809
2023-12-31,foreigners_total,Foreigners total,direct_z1|shl_slt_anchor,,8039.865,34.648,-29.503,0.0,,1327.936,0.16516894251333822,8034.721,-0.0009999999997702957,8052.044999999999,-0.0036640381418633406
2024-03-31,foreigners_total,Foreigners total,direct_z1|shl_slt_anchor,,8047.324,31.337,-23.878,0.0,,1262.475,0.15688134341304016,8039.865,-1.6697754290362354e-13,8055.5335,-0.0029641736329443606
2024-06-30,foreigners_total,Foreigners total,direct_z1|shl_slt_anchor,,8123.264,31.616,44.325,0.0,,1209.854,0.14893692978585948,8047.324,-0.000999999999493184,8063.132,0.00549724350289689
2024-09-30,foreigners_total,Foreigners total,direct_z1|shl_slt_anchor,,8231.934,35.417,48.252,25.0,,1170.668,0.14221056679997676,8123.264,0.000999999999159229,8153.4725,0.005917969306942533
2024-12-31,foreigners_total,Foreigners total,direct_z1|shl_slt_anchor,,8323.974,41.809,50.231,0.0,,1144.068,0.1374425244480581,8231.934,8.739675649849232e-13,8252.8385,0.006086511931622072
2025-03-31,foreigners_total,Foreigners total,direct_z1|shl_slt_anchor,,8422.645,49.227,49.444,0.0,,1138.386,0.1351577800085365,8323.974,2.7711166694643907e-13,8348.5875,0.0059224389754554295
2025-06-30,foreigners_total,Foreigners total,direct_z1|shl_slt_anchor,,8523.982,55.855,45.482,0.0,,1155.918,0.13560774764658112,8422.645,-4.618527782440651e-13,8450.5725,0.005382120560470903
2025-09-30,foreigners_total,Foreigners total,direct_z1|shl_slt_anchor,,8625.018,60.07,40.966,0.0,,1196.661,0.1387430147971865,8523.982,5.684341886080802e-14,8554.017,0.0047890949947843224
2025-12-31,foreigners_total,Foreigners total,direct_z1|shl_slt_anchor,,8721.721,60.84,35.863,0.0,,1257.832,0.14421832571805498,8625.018,-4.831690603168681e-13,8655.438,0.004143406723033542
2022-03-31,households_nonprofits,Households and nonprofits,direct_z1_residual_style,Household/nonprofit Treasury holdings are not a clean retail concept.,7300.0,0.0,0.0,0.0,,,,,,,
2022-06-30,households_nonprofits,Households and nonprofits,direct_z1_residual_style,Household/nonprofit Treasury holdings are not a clean retail concept.,7296.594,44.796,-48.202,0.0,,,,7300.0,4.973799150320701e-14,7322.398,-0.006582816175793776
2022-09-30,households_nonprofits,Households and nonprofits,direct_z1_residual_style,Household/nonprofit Treasury holdings are not a clean retail concept.,7295.604,44.248,-45.239,0.0,,,,7296.594,0.0010000000002179377,7318.718,-0.006181273824186148
2022-12-31,households_nonprofits,Households and nonprofits,direct_z1_residual_style,Household/nonprofit Treasury holdings are not a clean retail concept.,7293.089,40.456,-42.971,0.0,,,,7295.604,-3.339550858072471e-13,7315.832,-0.005873699669429259
2023-03-31,households_nonprofits,Households and nonprofits,direct_z1_residual_style,Household/nonprofit Treasury holdings are not a clean retail concept.,7285.613,34.349,-41.826,0.0,,,,7293.089,0.0010000000003458354,7310.2635,-0.005721544784261197
2023-06-30,households_nonprofits,Households and nonprofits,direct_z1_residual_style,Household/nonprofit Treasury holdings are not a clean retail concept.,7271.026,27.422,-42.009,0.0,,,,7285.613,-4.405364961712621e-13,7299.3240000000005,-0.005755190480652729
2023-09-30,households_nonprofits,Households and nonprofits,direct_z1_residual_style,Household/nonprofit Treasury holdings are not a clean retail concept.,7280.902,21.371,-11.495,0.0,,,,7271.026,2.042810365310288e-13,7281.711499999999,-0.0015786123907820299
2023-12-31,households_nonprofits,Households and nonprofits,direct_z1_residual_style,Household/nonprofit Treasury holdings are not a clean retail concept.,7284.811,17.678,-13.768,0.0,,,,7280.902,-0.001000000000349388,7289.741,-0.0018886816417757505
2024-03-31,households_nonprofits,Households and nonprofits,direct_z1_residual_style,Household/nonprofit Treasury holdings are not a clean retail concept.,7285.346,17.246,-16.711,0.0,,,,7284.811,-1.4566126083082054e-13,7293.433999999999,-0.0022912389417659774
2024-06-30,households_nonprofits,Households and nonprofits,direct_z1_residual_style,Household/nonprofit Treasury holdings are not a clean retail concept.,7323.821,20.181,18.294,0.0,,,,7285.346,3.623767952376511e-13,7295.4365,0.002507594987633708
2024-09-30,households_nonprofits,Households and nonprofits,direct_z1_residual_style,Household/nonprofit Treasury holdings are not a clean retail concept.,7366.387,25.766,16.801,0.0,,,,7323.821,-0.0010000000001930687,7336.704,0.002289992890540493
2024-12-31,households_nonprofits,Households and nonprofits,direct_z1_residual_style,Household/nonprofit Treasury holdings are not a clean retail concept.,7415.689,32.632,16.67,0.0,,,,7366.387,5.897504706808832e-13,7382.7029999999995,0.002257980579741594
2025-03-31,households_nonprofits,Households and nonprofits,direct_z1_residual_style,Household/nonprofit Treasury holdings are not a clean retail concept.,7492.718,39.098,17.931,20.0,,,,7415.689,-4.583000645652646e-13,7445.238,0.0024083850643861217
2025-06-30,households_nonprofits,Households and nonprofits,direct_z1_residual_style,Household/nonprofit Treasury holdings are not a clean retail concept.,7556.74,43.582,20.44,0.0,,,,7492.718,-6.750155989720952e-14,7514.509,0.0027200712648025307
2025-09-30,households_nonprofits,Households and nonprofits,direct_z1_residual_style,Household/nonprofit Treasury holdings are not a clean retail concept.,7625.151,44.985,23.426,0.0,,,,7556.74,6.039613253960852e-14,7579.2325,0.003090814274400475
2025-12-31,households_nonprofits,Households and nonprofits,direct_z1_residual_style,Household/nonprofit Treasury holdings are not a clean retail concept.,7694.59,42.964,26.475,0.0,,,,7625.151,3.055333763768431e-13,7646.633,0.0034623081819148377
2022-03-31,nonfinancial_corporates,Nonfinancial corporate business,direct_z1,,420.0,0.0,0.0,0.0,,,,,,,
2022-06-30,nonfinancial_corporates,Nonfinancial corporate business,direct_z1,,422.48,3.517,-1.038,0.0,,,,420.0,0.0010000000000183196,421.7585,-0.0024611240793013063
2022-09-30,nonfinancial_corporates,Nonfinancial corporate business,direct_z1,,425.232,3.764,-1.011,0.0,,,,422.48,-0.000999999999990342,424.362,-0.002382399932133414
2022-12-31,nonfinancial_corporates,Nonfinancial corporate business,direct_z1,,428.026,3.774,-0.979,0.0,,,,425.232,-0.0010000000000173204,427.119,-0.0022921012645187875
2023-03-31,nonfinancial_corporates,Nonfinancial corporate business,direct_z1,,430.613,3.546,-0.959,0.0,,,,428.026,-1.0769163338864018e-14,429.79900000000004,-0.0022312755497337126
2023-06-30,nonfinancial_corporates,Nonfinancial corporate business,direct_z1,,432.799,3.135,-0.95,0.0,,,,430.613,0.0009999999999787956,432.1805,-0.0021981556317325745
2023-09-30,nonfinancial_corporates,Nonfinancial corporate business,direct_z1,,435.074,2.642,-0.367,0.0,,,,432.799,3.419486915845482e-14,434.12,-0.0008453883718787432
2023-12-31,nonfinancial_corporates,Nonfinancial corporate business,direct_z1,,436.873,2.188,-0.39,0.0,,,,435.074,0.0009999999999780185,436.168,-0.0008941508776434768
2024-03-31,nonfinancial_corporates,Nonfinancial corporate business,direct_z1,,438.331,1.884,-0.425,0.0,,,,436.873,-0.000999999999973078,437.815,-0.0009707296460833914
2024-06-30,nonfinancial_corporates,Nonfinancial corporate business,direct_z1,,440.648,1.804,0.512,0.0,,,,438.331,0.0010000000000072173,439.233,0.001165668335484811
2024-09-30,nonfinancial_corporates,Nonfinancial corporate business,direct_z1,,443.1,1.968,0.484,0.0,,,,440.648,-1.7763568394002505e-15,441.632,0.0010959350771683211
2024-12-31,nonfinancial_corporates,Nonfinancial corporate business,direct_z1,,445.9,2.335,0.465,0.0,,,,443.1,-4.546363285840016e-14,444.26750000000004,0.0010466667041816023
2025-03-31,nonfinancial_corporates,Nonfinancial corporate business,direct_z1,,449.185,2.817,0.468,0.0,,,,445.9,2.481348460037225e-14,447.3085,0.0010462577840573118
2025-06-30,nonfinancial_corporates,Nonfinancial corporate business,direct_z1,,452.967,3.294,0.487,0.0,,,,449.185,0.0009999999999822373,450.832,0.0010802250062107391
2025-09-30,nonfinancial_corporates,Nonfinancial corporate business,direct_z1,,457.14,3.65,0.523,0.0,,,,452.967,1.887379141862766e-15,454.792,0.0011499762528804378
2025-12-31,nonfinancial_corporates,Nonfinancial corporate business,direct_z1,,461.509,3.799,0.57,0.0,,,,457.14,2.8310687127941492e-14,459.0395,0.0012417232068264276
2022-03-31,state_local_governments,State and local governments,direct_z1,,280.0,0.0,0.0,0.0,,,,,,,
2022-06-30,state_local_governments,State and local governments,direct_z1,,280.699,1.5,-0.801,0.0,,,,280.0,1.2323475573339238e-14,280.75,-0.002853072128227961
2022-09-30,state_local_governments,State and local governments,direct_z1,,281.345,1.445,-0.8,0.0,,,,280.699,0.001000000000014989,281.42150000000004,-0.00284271102243432
2022-12-31,state_local_governments,State and local governments,direct_z1,,281.84,1.306,-0.811,0.0,,,,281.345,-5.229150445984487e-14,281.99800000000005,-0.002875906921325683
2023-03-31,state_local_governments,State and local governments,direct_z1,,282.113,1.117,-0.843,0.0,,,,281.84,-0.000999999999975465,282.39849999999996,-0.002985143334684852
2023-06-30,state_local_governments,State and local governments,direct_z1,,282.155,0.923,-0.881,0.0,,,,282.113,-2.6867397195928788e-14,282.5745,-0.0031177618645702285
2023-09-30,state_local_governments,State and local governments,direct_z1,,282.543,0.773,-0.385,0.0,,,,282.155,3.3639757646142243e-14,282.5415,-0.0013626316841950652
2023-12-31,state_local_governments,State and local governments,direct_z1,,282.835,0.703,-0.41,0.0,,,,282.543,-0.0010000000000268128,282.8945,-0.0014493035389518
2024-03-31,state_local_governments,State and local governments,direct_z1,,283.145,0.73,-0.42,0.0,,,,282.835,2.275957200481571e-15,283.2,-0.0014830508474576272
2024-06-30,state_local_governments,State and local governments,direct_z1,,284.36,0.847,0.368,0.0,,,,283.145,3.186340080674199e-14,283.5685,0.0012977463998998478
2024-09-30,state_local_governments,State and local governments,direct_z1,,285.784,1.027,0.397,0.0,,,,284.36,-2.1760371282653068e-14,284.87350000000004,0.0013936010193998387
2024-12-31,state_local_governments,State and local governments,direct_z1,,287.443,1.225,0.434,0.0,,,,285.784,-8.271161533457416e-15,286.3965,0.0015153816474712505
2025-03-31,state_local_governments,State and local governments,direct_z1,,289.308,1.392,0.474,0.0,,,,287.443,-0.000999999999990786,288.139,0.0016450393733579971
2025-06-30,state_local_governments,State and local governments,direct_z1,,291.305,1.487,0.509,0.0,,,,289.308,0.0010000000000139897,290.0515,0.0017548607747244888
2025-09-30,state_local_governments,State and local governments,direct_z1,,293.321,1.488,0.529,0.0,,,,291.305,-0.000999999999980461,292.04900000000004,0.0018113398778972021
2025-12-31,state_local_governments,State and local governments,direct_z1,,295.244,1.394,0.529,0.0,,,,293.321,1.887379141862766e-15,294.01800000000003,0.0017992095722030622
